<?xml version="1.0" encoding="UTF-8"?>
<referentiel>
 <name>Référentiel C2i2e</name>
 <code_referentiel>C2i2e</code_referentiel>
 <description_referentiel>
<text>Certificat Informatique et Internet niveau 2 &quot;Enseignant&quot;</text>
</description_referentiel>
 <url_referentiel>http://www.education.gouv.fr/bo/2006/1/MENT0502170C.htm</url_referentiel>
 <seuil_certificat>41</seuil_certificat>
 <timemodified>1243603595</timemodified>
 <nb_domaines>2</nb_domaines>
 <liste_codes_competence>A.1.1/A.1.2/A.1.3/A.1.4/A.1.5/A.2.1/A.2.2/A.2.3/A.3.1/A.3.2/A.3.3/A.3.4/B.1.1/B.1.2/B.1.3/B.2.1/B.2.2/B.2.3/B.2.4/B.3.1/B.3.2/B.3.3/B.3.4/B.3.5/B.4.1/B.4.2/B.4.3/</liste_codes_competence>
 <liste_empreintes_competence>1/1/1/1/1/1/1/1/1/1/1/1/1/1/1/1/1/1/1/1/1/1/1/1/1/1/1/</liste_empreintes_competence>
 <domaine>
  <code_domaine>A</code_domaine>
  <description_domaine>
<text>Compétences générales liées à l'exercice du métier.</text>
</description_domaine>
  <num_domaine>1</num_domaine>
  <nb_competences>1</nb_competences>

  <competence>
   <code_competence>A.1</code_competence>
   <description_competence>
<text>Maîtrise de l'environnement numérique professionnel.</text>
</description_competence>
   <num_competence>1</num_competence>
   <nb_item_competences>5</nb_item_competences>

   <item>
    <code>A.1.1</code>
    <description_item>
<text>Identifier les personnes ressources TIC et leurs rôles respectifs dans l'école ou l'établissement, et en dehors (circonscription, bassin, Académie, niveau national...)</text>
</description_item>
    <type_item>Obligatoire</type_item>
    <poids_item>2</poids_item>
    <empreinte_item>1</empreinte_item>
    <num_item>1</num_item>
   </item>

   <item>
    <code>A.1.2</code>
    <description_item>
<text>S'approprier les différentes composantes informatiques (lieux, outils...) de son environnement professionnel</text>
</description_item>
    <type_item>Obligatoire</type_item>
    <poids_item>2</poids_item>
    <empreinte_item>1</empreinte_item>
    <num_item>2</num_item>
   </item>

   <item>
    <code>A.1.3</code>
    <description_item>
<text>Choisir et utiliser les ressources et services d'un environnement numérique de travail (ENT)</text>
</description_item>
    <type_item>Optionnel</type_item>
    <poids_item>1</poids_item>
    <empreinte_item>1</empreinte_item>
    <num_item>3</num_item>
   </item>

   <item>
    <code>A.1.4</code>
    <description_item>
<text>Choisir et utiliser les outils les plus adaptés pour communiquer avec les acteurs et usagers du système éducatif</text>
</description_item>
    <type_item>Optionnel</type_item>
    <poids_item>1</poids_item>
    <empreinte_item>1</empreinte_item>
    <num_item>4</num_item>
   </item>

   <item>
    <code>A.1.5</code>
    <description_item>
<text>Se constituer et organiser des ressources en utilisant des sources professionnelles</text>
</description_item>
    <type_item>Obligatoire</type_item>
    <poids_item>2</poids_item>
    <empreinte_item>1</empreinte_item>
    <num_item>5</num_item>
   </item>

  </competence>

  <competence>
   <code_competence>A.2</code_competence>
   <description_competence>
<text>Développement des compétences pour la formation tout au long de la vie</text>
</description_competence>
   <num_competence>2</num_competence>
   <nb_item_competences>3</nb_item_competences>

   <item>
    <code>A.2.1</code>
    <description_item>
<text>Utiliser les ressources en ligne et les dispositifs de Formation Ouverte et à Distance (FOAD) pour sa formation</text>
</description_item>
    <type_item>Obligatoire</type_item>
    <poids_item>2</poids_item>
    <empreinte_item>1</empreinte_item>
    <num_item>1</num_item>
   </item>

   <item>
    <code>A.2.2</code>
    <description_item>
<text>Se référer à des travaux de recherche liant savoirs, apprentissages et TICE</text>
</description_item>
    <type_item>Optionnel</type_item>
    <poids_item>1</poids_item>
    <empreinte_item>1</empreinte_item>
    <num_item>2</num_item>
   </item>

   <item>
    <code>A.2.3</code>
    <description_item>
<text>Pratiquer une veille pédagogique et institutionnelle, notamment par l'identification des réseaux d'échange concernant son domaine, sa discipline, son niveau d'enseignement</text>
</description_item>
    <type_item>Optionnel</type_item>
    <poids_item>1</poids_item>
    <empreinte_item>1</empreinte_item>
    <num_item>3</num_item>
   </item>

  </competence>

  <competence>
   <code_competence>A.3</code_competence>
   <description_competence>
<text>Responsabilité professionnelle dans le cadre du système éducatif</text>
</description_competence>
   <num_competence>3</num_competence>
   <nb_item_competences>4</nb_item_competences>

   <item>
    <code>A.3.1</code>
    <description_item>
<text>S'exprimer et communiquer en s'adaptant aux différents destinataires et espaces de diffusion (institutionnel, public, privé, interne, externe...)</text>
</description_item>
    <type_item>Obligatoire</type_item>
    <poids_item>2</poids_item>
    <empreinte_item>1</empreinte_item>
    <num_item>1</num_item>
   </item>

   <item>
    <code>A.3.2</code>
    <description_item>
<text>Prendre en compte les enjeux et respecter les règles concernant notamment la recherche et les critères de contrôle de validité des informations, la sécurité informatique, le filtrage Internet</text>
</description_item>
    <type_item>Obligatoire</type_item>
    <poids_item>2</poids_item>
    <empreinte_item>1</empreinte_item>
    <num_item>2</num_item>
   </item>

   <item>
    <code>A.3.3</code>
    <description_item>
<text>Prendre en compte les lois et les exigences d'une utilisation professionnelle et citoyenne des TICE concernant : la protection des libertés individuelles et publiques, la sécurité des personnes, la protection des mineurs, la confidentialité des données, la propriété intellectuelle, le droit à l'image</text>
</description_item>
    <type_item>Obligatoire</type_item>
    <poids_item>2</poids_item>
    <empreinte_item>1</empreinte_item>
    <num_item>3</num_item>
   </item>

   <item>
    <code>A.3.4</code>
    <description_item>
<text>Respecter et faire respecter la charte d'usage de l'établissement, dans une perspective éducative d'apprentissage de la citoyenneté</text>
</description_item>
    <type_item>Obligatoire</type_item>
    <poids_item>2</poids_item>
    <empreinte_item>1</empreinte_item>
    <num_item>4</num_item>
   </item>

  </competence>

 </domaine>

 <domaine>
  <code_domaine>B</code_domaine>
  <description_domaine>
<text>Compétences nécessaires à l'intégration des TICE dans sa pratique</text>
</description_domaine>
  <num_domaine>2</num_domaine>
  <nb_competences>2</nb_competences>

  <competence>
   <code_competence>B.1</code_competence>
   <description_competence>
<text>Travail en réseau avec l'utilisation des outils de travail collaboratif</text>
</description_competence>
   <num_competence>1</num_competence>
   <nb_item_competences>3</nb_item_competences>

   <item>
    <code>B.1.1</code>
    <description_item>
<text>Rechercher, produire, partager et mutualiser des documents, des informations, des ressources dans un environnement numérique</text>
</description_item>
    <type_item>Obligatoire</type_item>
    <poids_item>2</poids_item>
    <empreinte_item>1</empreinte_item>
    <num_item>1</num_item>
   </item>

   <item>
    <code>B.1.2</code>
    <description_item>
<text>Contribuer à une production ou à un activite collectif au sein d'équipes disciplinaires, interdisciplinaires, transversales ou éducatives</text>
</description_item>
    <type_item>Obligatoire</type_item>
    <poids_item>2</poids_item>
    <empreinte_item>1</empreinte_item>
    <num_item>2</num_item>
   </item>

   <item>
    <code>B.1.3</code>
    <description_item>
<text>Concevoir des situations de recherche d'information dans le cadre de activités transversales et interdisciplinaires</text>
</description_item>
    <type_item>Optionnel</type_item>
    <poids_item>1</poids_item>
    <empreinte_item>1</empreinte_item>
    <num_item>3</num_item>
   </item>

  </competence>

  <competence>
   <code_competence>B.2</code_competence>
   <description_competence>
<text>Conception et préparation de contenus d'enseignement et de situations d'apprentissage</text>
</description_competence>
   <num_competence>2</num_competence>
   <nb_item_competences>4</nb_item_competences>

   <item>
    <code>B.2.1</code>
    <description_item>
<text>Identifier les situations d'apprentissage propices à l'utilisation des TICE</text>
</description_item>
    <type_item>Obligatoire</type_item>
    <poids_item>2</poids_item>
    <empreinte_item>1</empreinte_item>
    <num_item>1</num_item>
   </item>

   <item>
    <code>B.2.2</code>
    <description_item>
<text>Concevoir des situations d'apprentissage et d'évaluation mettant en oeuvre des logiciels généraux ou spécifiques à la discipline, au domaine enseigné, au niveau de la classe</text>
</description_item>
    <type_item>Obligatoire</type_item>
    <poids_item>2</poids_item>
    <empreinte_item>1</empreinte_item>
    <num_item>2</num_item>
   </item>

   <item>
    <code>B.2.3</code>
    <description_item>
<text>Intégrer des outils et des ressources dans une séquence d'enseignement, en opérant des choix entre les supports et médias utilisables et leurs modalités d'utilisation</text>
</description_item>
    <type_item>Obligatoire</type_item>
    <poids_item>2</poids_item>
    <empreinte_item>1</empreinte_item>
    <num_item>3</num_item>
   </item>

   <item>
    <code>B.2.4</code>
    <description_item>
<text>Préparer des ressources adaptées à la diversité des publics et des situations pédagogiques en respectant les règles de la communication</text>
</description_item>
    <type_item>Optionnel</type_item>
    <poids_item>1</poids_item>
    <empreinte_item>1</empreinte_item>
    <num_item>4</num_item>
   </item>

  </competence>

  <competence>
   <code_competence>B.3</code_competence>
   <description_competence>
<text>Mise en oeuvre pédagogique en présentiel et à distance</text>
</description_competence>
   <num_competence>3</num_competence>
   <nb_item_competences>5</nb_item_competences>

   <item>
    <code>B.3.1</code>
    <description_item>
<text>Conduire des situations d'apprentissage en tirant partie du potentiel des TIC : travail collectif, individualisé, en petits groupes</text>
</description_item>
    <type_item>Obligatoire</type_item>
    <poids_item>2</poids_item>
    <empreinte_item>1</empreinte_item>
    <num_item>2</num_item>
   </item>

   <item>
    <code>B.3.2</code>
    <description_item>
<text>Gérer l'alternance, au cours d'une séance, entre les activités utilisant les TICE et celles qui n'y ont pas recours</text>
</description_item>
    <type_item>Obligatoire</type_item>
    <poids_item>2</poids_item>
    <empreinte_item>1</empreinte_item>
    <num_item>2</num_item>
   </item>

   <item>
    <code>B.3.3</code>
    <description_item>
<text>Prendre en compte la diversité des élèves la difficulté scolaire en utilisant les TICE pour gérer des temps et des modalités de travail différenciés, en présentiel et/ou à distance</text>
</description_item>
    <type_item>Obligatoire</type_item>
    <poids_item>2</poids_item>
    <empreinte_item>1</empreinte_item>
    <num_item>3</num_item>
   </item>

   <item>
    <code>B.3.4</code>
    <description_item>
<text>Utiliser les TICE pour accompagner des élèves, des groupes d'élèves dans leurs activites de production ou de recherche d'information</text>
</description_item>
    <type_item>Optionnel</type_item>
    <poids_item>1</poids_item>
    <empreinte_item>1</empreinte_item>
    <num_item>4</num_item>
   </item>

   <item>
    <code>B.3.5</code>
    <description_item>
<text>Anticiper un incident technique ou y faire face</text>
</description_item>
    <type_item>Optionnel</type_item>
    <poids_item>1</poids_item>
    <empreinte_item>1</empreinte_item>
    <num_item>5</num_item>
   </item>

  </competence>

  <competence>
   <code_competence>B.4</code_competence>
   <description_competence>
<text>Compétences d'évaluation</text>
</description_competence>
   <num_competence>4</num_competence>
   <nb_item_competences>3</nb_item_competences>

   <item>
    <code>B.4.1</code>
    <description_item>
<text>Identifier les compétences des référentiels TIC (B2i ® ou C2i ®) mises en oeuvre dans une situation de formation proposée aux élèves, aux étudiants</text>
</description_item>
    <type_item>Obligatoire</type_item>
    <poids_item>2</poids_item>
    <empreinte_item>1</empreinte_item>
    <num_item>1</num_item>
   </item>

   <item>
    <code>B.4.2</code>
    <description_item>
<text>S'intégrer dans une démarche collective d'évaluation des compétences TIC (B2i ® ou C2i ®)</text>
</description_item>
    <type_item>Obligatoire</type_item>
    <poids_item>2</poids_item>
    <empreinte_item>1</empreinte_item>
    <num_item>2</num_item>
   </item>

   <item>
    <code>B.4.3</code>
    <description_item>
<text>Exploiter les résultats produits par des logiciels institutionnels d'évaluation des élèves (J'ADE).</text>
</description_item>
    <type_item>Optionnel</type_item>
    <poids_item>1</poids_item>
    <empreinte_item>1</empreinte_item>
    <num_item>3</num_item>
   </item>

  </competence>

 </domaine>


</referentiel>

