<?xml version="1.0" encoding="UTF-8"?>
<referentiel>
 <name>B2i Collège</name>
 <code_referentiel>B2i_Collège</code_referentiel>
 <description_referentiel>
<text>Le B2i atteste l`acquisition d`un ensemble de compétences développées par les élèves ou les apprentis, tout au long de leur cursus, à l`école, au collège, dans les lycées d`enseignement général et technologique, les lycées professionnels, les centres de formation d`apprentis (CFA) et les sections d`apprentissage (SA) gérés par des établissements publics locaux d`enseignement (EPLE).</text>
</description_referentiel>
 <url_referentiel>http://www.education.gouv.fr/bo/2006/42/MENE0602673C.htm</url_referentiel>
 <seuil_certificat>15</seuil_certificat>
 <timemodified>1256952044</timemodified>
 <nb_domaines>1</nb_domaines>
 <liste_codes_competence>Col1.1/Col1.2/Col1.3/Col1.4/Col1.5/Col1.6/Col2.1/Col2.2/Col2.3/Col2.4/Col2.5/Col2.6/Col2.7/Col3.1/Col3.2/Col3.3/Col3.4/Col3.5/Col3.6/Col3.7/Col4.1/Col4.2/Col4.3/Col4.4/Col4.5/Col5.1/Col5.2/Col5.3/Col5.4/</liste_codes_competence>
 <liste_empreintes_competence>1/1/1/1/1/1/1/1/1/1/1/1/1/1/1/1/1/1/1/1/1/1/1/1/1/1/1/1/1/</liste_empreintes_competence>
 <domaine>
  <code_domaine>Collège</code_domaine>
  <description_domaine>
<text>Les contenus sont organisés en cinq domaines communs aux trois niveaux : 1. S'approprier un environnement informatique de travail. 2. Adopter une attitude responsable. 3. Créer, produire, traiter, exploiter des données. 4. S'informer, se documenter.  5. Communiquer, échanger.</text>
</description_domaine>
  <num_domaine>1</num_domaine>
  <nb_competences>1</nb_competences>

  <competence>
   <code_competence>Col1</code_competence>
   <description_competence>
<text>S'approprier un environnement informatique de travail</text>
</description_competence>
   <num_competence>1</num_competence>
   <nb_item_competences>6</nb_item_competences>

   <item>
    <code>Col1.1</code>
    <description_item>
<text>1.1) Je sais m'identifier sur un réseau ou un site et mettre fin à cette identification.</text>
</description_item>
    <type_item></type_item>
    <poids_item>1</poids_item>
    <empreinte_item>1</empreinte_item>
    <num_item>1</num_item>
   </item>

   <item>
    <code>Col1.2</code>
    <description_item>
<text>1.2) Je sais accéder aux logiciels et aux documents disponibles à partir de mon espace de travail.</text>
</description_item>
    <type_item></type_item>
    <poids_item>1</poids_item>
    <empreinte_item>1</empreinte_item>
    <num_item>2</num_item>
   </item>

   <item>
    <code>Col1.3</code>
    <description_item>
<text>1.3) Je sais organiser mes espaces de stockage.</text>
</description_item>
    <type_item></type_item>
    <poids_item>1</poids_item>
    <empreinte_item>1</empreinte_item>
    <num_item>3</num_item>
   </item>

   <item>
    <code>Col1.4</code>
    <description_item>
<text>1.4) Je sais lire les propriétés d'un fichier : nom, format, taille, dates de création et de dernière modification.</text>
</description_item>
    <type_item></type_item>
    <poids_item>1</poids_item>
    <empreinte_item>1</empreinte_item>
    <num_item>4</num_item>
   </item>

   <item>
    <code>Col1.5</code>
    <description_item>
<text>1.5) Je sais paramétrer l'impression (prévisualisation, quantité, partie de documents...).</text>
</description_item>
    <type_item></type_item>
    <poids_item>1</poids_item>
    <empreinte_item>1</empreinte_item>
    <num_item>5</num_item>
   </item>

   <item>
    <code>Col1.6</code>
    <description_item>
<text>1.6) Je sais faire un autre choix que celui proposé par défaut (lieu d'enregistrement, format, imprimante).</text>
</description_item>
    <type_item></type_item>
    <poids_item>1</poids_item>
    <empreinte_item>1</empreinte_item>
    <num_item>6</num_item>
   </item>

  </competence>

  <competence>
   <code_competence>Col2</code_competence>
   <description_competence>
<text>Adopter une attitude responsable</text>
</description_competence>
   <num_competence>2</num_competence>
   <nb_item_competences>7</nb_item_competences>

   <item>
    <code>Col2.1</code>
    <description_item>
<text>2.1) Je connais les droits et devoirs indiqués dans la charte d'usage des TIC et la procédure d'alerte de mon établissement.</text>
</description_item>
    <type_item></type_item>
    <poids_item>1</poids_item>
    <empreinte_item>1</empreinte_item>
    <num_item>1</num_item>
   </item>

   <item>
    <code>Col2.2</code>
    <description_item>
<text>2.2) Je protège ma vie privée en ne donnant sur internet des renseignements me concernant qu'avec l'accord de mon responsable légal.</text>
</description_item>
    <type_item></type_item>
    <poids_item>1</poids_item>
    <empreinte_item>1</empreinte_item>
    <num_item>2</num_item>
   </item>

   <item>
    <code>Col2.3</code>
    <description_item>
<text>2.3) Lorsque j'utilise ou transmets des documents, je vérifie que j'en ai le droit.</text>
</description_item>
    <type_item></type_item>
    <poids_item>1</poids_item>
    <empreinte_item>1</empreinte_item>
    <num_item>3</num_item>
   </item>

   <item>
    <code>Col2.4</code>
    <description_item>
<text>2.4) Je m'interroge sur les résultats des traitements informatiques (calcul, représentation graphique, correcteur...).</text>
</description_item>
    <type_item></type_item>
    <poids_item>1</poids_item>
    <empreinte_item>1</empreinte_item>
    <num_item>4</num_item>
   </item>

   <item>
    <code>Col2.5</code>
    <description_item>
<text>2.5) J'applique des règles de prudence contre les risques de malveillance (virus, spam...).</text>
</description_item>
    <type_item></type_item>
    <poids_item>1</poids_item>
    <empreinte_item>1</empreinte_item>
    <num_item>5</num_item>
   </item>

   <item>
    <code>Col2.6</code>
    <description_item>
<text>2.6) Je sécurise mes données (gestion des mots de passe, fermeture de session, sauvegarde).</text>
</description_item>
    <type_item></type_item>
    <poids_item>1</poids_item>
    <empreinte_item>1</empreinte_item>
    <num_item>6</num_item>
   </item>

   <item>
    <code>Col2.7</code>
    <description_item>
<text>2.7) Je mets mes compétences informatiques au service d'une production collective</text>
</description_item>
    <type_item></type_item>
    <poids_item>1</poids_item>
    <empreinte_item>1</empreinte_item>
    <num_item>7</num_item>
   </item>

  </competence>

  <competence>
   <code_competence>Col3</code_competence>
   <description_competence>
<text>Créer, produire, traiter, exploiter des données</text>
</description_competence>
   <num_competence>3</num_competence>
   <nb_item_competences>7</nb_item_competences>

   <item>
    <code>Col3.1</code>
    <description_item>
<text>3.1) Je sais modifier la mise en forme des caractères et des paragraphes, paginer automatiquement.</text>
</description_item>
    <type_item></type_item>
    <poids_item>1</poids_item>
    <empreinte_item>1</empreinte_item>
    <num_item>1</num_item>
   </item>

   <item>
    <code>Col3.2</code>
    <description_item>
<text>3.2) Je sais utiliser l'outil de recherche et de remplacement dans un document.</text>
</description_item>
    <type_item></type_item>
    <poids_item>1</poids_item>
    <empreinte_item>1</empreinte_item>
    <num_item>2</num_item>
   </item>

   <item>
    <code>Col3.3</code>
    <description_item>
<text>3.3) Je sais regrouper dans un même document plusieurs éléments (texte, image, tableau, son, graphique, vidéo...).</text>
</description_item>
    <type_item></type_item>
    <poids_item>1</poids_item>
    <empreinte_item>1</empreinte_item>
    <num_item>3</num_item>
   </item>

   <item>
    <code>Col3.4</code>
    <description_item>
<text>3.4) Je sais créer, modifier une feuille de calcul, insérer une formule.</text>
</description_item>
    <type_item></type_item>
    <poids_item>1</poids_item>
    <empreinte_item>1</empreinte_item>
    <num_item>4</num_item>
   </item>

   <item>
    <code>Col3.5</code>
    <description_item>
<text>3.5) Je sais réaliser un graphique de type donné.</text>
</description_item>
    <type_item></type_item>
    <poids_item>1</poids_item>
    <empreinte_item>1</empreinte_item>
    <num_item>5</num_item>
   </item>

   <item>
    <code>Col3.6</code>
    <description_item>
<text>3.6) Je sais utiliser un outil de simulation (ou de modélisation) en étant conscient de ses limites.</text>
</description_item>
    <type_item></type_item>
    <poids_item>1</poids_item>
    <empreinte_item>1</empreinte_item>
    <num_item>6</num_item>
   </item>

   <item>
    <code>Col3.7</code>
    <description_item>
<text>3.7) Je sais traiter un fichier image ou son à l'aide d'un logiciel dédié notamment pour modifier ses propriétés élémentaires.</text>
</description_item>
    <type_item></type_item>
    <poids_item>1</poids_item>
    <empreinte_item>1</empreinte_item>
    <num_item>7</num_item>
   </item>

  </competence>

  <competence>
   <code_competence>Col4</code_competence>
   <description_competence>
<text>S'informer, se documenter</text>
</description_competence>
   <num_competence>4</num_competence>
   <nb_item_competences>5</nb_item_competences>

   <item>
    <code>Col4.1</code>
    <description_item>
<text>4.1) Je sais rechercher des références de documents à l'aide du logiciel documentaire présent au CDI.</text>
</description_item>
    <type_item></type_item>
    <poids_item>1</poids_item>
    <empreinte_item>1</empreinte_item>
    <num_item>1</num_item>
   </item>

   <item>
    <code>Col4.2</code>
    <description_item>
<text>4.2) Je sais utiliser les fonctions principales d'un logiciel de navigation sur le web (paramétrage, gestion des favoris, gestion des affichages et de l'impression).</text>
</description_item>
    <type_item></type_item>
    <poids_item>1</poids_item>
    <empreinte_item>1</empreinte_item>
    <num_item>2</num_item>
   </item>

   <item>
    <code>Col4.3</code>
    <description_item>
<text>4.3) je sais utiliser les fonctions principales d'un outil de recherche sur le web (moteur de recherche, annuaire...).</text>
</description_item>
    <type_item></type_item>
    <poids_item>1</poids_item>
    <empreinte_item>1</empreinte_item>
    <num_item>3</num_item>
   </item>

   <item>
    <code>Col4.4</code>
    <description_item>
<text>4.4) Je sais relever des éléments me permettant de connaître l'origine de l'information (auteur, date, source...).</text>
</description_item>
    <type_item></type_item>
    <poids_item>1</poids_item>
    <empreinte_item>1</empreinte_item>
    <num_item>4</num_item>
   </item>

   <item>
    <code>Col4.5</code>
    <description_item>
<text>4.5) Je sais sélectionner des résultats lors d'une recherche (et donner des arguments permettant de justifier mon choix).</text>
</description_item>
    <type_item></type_item>
    <poids_item>1</poids_item>
    <empreinte_item>1</empreinte_item>
    <num_item>5</num_item>
   </item>

  </competence>

  <competence>
   <code_competence>Col5</code_competence>
   <description_competence>
<text>Communiquer, échanger</text>
</description_competence>
   <num_competence>5</num_competence>
   <nb_item_competences>5</nb_item_competences>

   <item>
    <code>Col5.1</code>
    <description_item>
<text>5.1) Lorsque j'envoie ou je publie des informations, je réfléchis aux lecteurs possibles en fonction de l'outil utilisé.</text>
</description_item>
    <type_item></type_item>
    <poids_item>1</poids_item>
    <empreinte_item>1</empreinte_item>
    <num_item>1</num_item>
   </item>

   <item>
    <code>Col5.2</code>
    <description_item>
<text>5.2) Je sais ouvrir et enregistrer un fichier joint à un message ou à une publication.</text>
</description_item>
    <type_item></type_item>
    <poids_item>1</poids_item>
    <empreinte_item>1</empreinte_item>
    <num_item>2</num_item>
   </item>

   <item>
    <code>Col5.3</code>
    <description_item>
<text>5.3) : Je sais envoyer ou publier un message avec un fichier joint.</text>
</description_item>
    <type_item></type_item>
    <poids_item>1</poids_item>
    <empreinte_item>1</empreinte_item>
    <num_item>3</num_item>
   </item>

   <item>
    <code>Col5.4</code>
    <description_item>
<text>5.4) Je sais utiliser un carnet d'adresses ou un annuaire pour choisir un destinataire.</text>
</description_item>
    <type_item></type_item>
    <poids_item>1</poids_item>
    <empreinte_item>1</empreinte_item>
    <num_item>4</num_item>
   </item>

  </competence>

 </domaine>


</referentiel>

