<?xml version="1.0" encoding="UTF-8"?>
<referentiel>
 <name>B2i Lycée</name>
 <code_referentiel>B2i_Lycée</code_referentiel>
 <description_referentiel>
<text>Le B2i atteste l`acquisition d`un ensemble de compétences développées par les élèves ou les apprentis, tout au long de leur cursus, à l`éLyce, au Lyclège, dans les lycées d`enseignement général`et technologique, les lycées professionnels, les centres de formation d`apprentis (CFA) et les sections d`apprentissage (SA) gérés par des établissements publics locaux d`enseignement (EPLE).</text>
</description_referentiel>
 <url_referentiel>http://www.education.gouv.fr/bo/2006/42/MENE0602673C.htm</url_referentiel>
 <seuil_certificat>15</seuil_certificat>
 <timemodified>1251529458</timemodified>
 <nb_domaines>1</nb_domaines>
 <liste_codes_competence>Lyc1.1/Lyc1.2/Lyc1.3/Lyc1.4/Lyc1.5/Lyc1.6/Lyc2.1/Lyc2.2/Lyc2.3/Lyc2.4/Lyc2.5/Lyc2.6/Lyc2.7/Lyc3.1/Lyc3.2/Lyc3.3/Lyc3.4/Lyc3.5/Lyc3.6/Lyc3.7/Lyc3.8/Lyc4.1/Lyc4.2/Lyc4.3/Lyc4.4/Lyc4.5/Lyc5.1/Lyc5.2/Lyc5.3/Lyc5.4/Lyc5.5/</liste_codes_competence>
 <liste_empreintes_competence>1/1/1/1/1/1/1/1/1/1/1/1/1/1/1/1/1/1/1/1/1/1/1/1/1/1/1/1/1/1/1/</liste_empreintes_competence>
 <domaine>
  <code_domaine>Lycée</code_domaine>
  <description_domaine>
<text>Les contenus sont organisés en cinq domaines communs aux trois niveaux : 1. S'approprier un environnement informatique de travail. 2. Adopter une attitude responsable. 3. Créer, produire, traiter, exploiter des données. 4. S'informer, se documenter.  5. Communiquer, échanger.</text>
</description_domaine>
  <num_domaine>1</num_domaine>
  <nb_competences>1</nb_competences>

  <competence>
   <code_competence>Lyc1</code_competence>
   <description_competence>
<text>S'approprier un environnement informatique de travail</text>
</description_competence>
   <num_competence>1</num_competence>
   <nb_item_competences>6</nb_item_competences>

   <item>
    <code>Lyc1.1</code>
    <description_item>
<text>1.1) Je sais choisir les services, matériels et logiciels adaptés à mes besoins.</text>
</description_item>
    <type_item></type_item>
    <poids_item>1</poids_item>
    <empreinte_item>1</empreinte_item>
    <num_item>1</num_item>
   </item>

   <item>
    <code>Lyc1.2</code>
    <description_item>
<text>1.2) Je sais structurer mon environnement de travail.</text>
</description_item>
    <type_item></type_item>
    <poids_item>1</poids_item>
    <empreinte_item>1</empreinte_item>
    <num_item>2</num_item>
   </item>

   <item>
    <code>Lyc1.3</code>
    <description_item>
<text>1.3) Je sais régler les principaux paramètres de fonctionnement d'un périphérique selon mes besoins.</text>
</description_item>
    <type_item></type_item>
    <poids_item>1</poids_item>
    <empreinte_item>1</empreinte_item>
    <num_item>3</num_item>
   </item>

   <item>
    <code>Lyc1.4</code>
    <description_item>
<text>1.4) Je sais personnaliser un logiciel selon mes besoins.</text>
</description_item>
    <type_item></type_item>
    <poids_item>1</poids_item>
    <empreinte_item>1</empreinte_item>
    <num_item>4</num_item>
   </item>

   <item>
    <code>Lyc1.5</code>
    <description_item>
<text>1.5) Je sais m'affranchir des fonctions automatiques des logiciels (saisie, mémorisation mot de passe, correction orthographique, incrémentation...).</text>
</description_item>
    <type_item></type_item>
    <poids_item>1</poids_item>
    <empreinte_item>1</empreinte_item>
    <num_item>5</num_item>
   </item>

   <item>
    <code>Lyc1.6</code>
    <description_item>
<text>1. O 1) Je sais utiliser une plate-forme de travail de groupe.</text>
</description_item>
    <type_item></type_item>
    <poids_item>1</poids_item>
    <empreinte_item>1</empreinte_item>
    <num_item>6</num_item>
   </item>

  </competence>

  <competence>
   <code_competence>Lyc2</code_competence>
   <description_competence>
<text>Adopter une attitude responsable</text>
</description_competence>
   <num_competence>2</num_competence>
   <nb_item_competences>7</nb_item_competences>

   <item>
    <code>Lyc2.1</code>
    <description_item>
<text>2.1) Je connais la charte d'usage des TIC de mon établissement.</text>
</description_item>
    <type_item></type_item>
    <poids_item>1</poids_item>
    <empreinte_item>1</empreinte_item>
    <num_item>1</num_item>
   </item>

   <item>
    <code>Lyc2.2</code>
    <description_item>
<text>2.2) Je protège ma vie privée en réfléchissant aux informations personnelles que je communique.</text>
</description_item>
    <type_item></type_item>
    <poids_item>1</poids_item>
    <empreinte_item>1</empreinte_item>
    <num_item>2</num_item>
   </item>

   <item>
    <code>Lyc2.3</code>
    <description_item>
<text>2.3) J'utilise les documents ou des logiciels dans le respect des droits d'auteur et de propriété.</text>
</description_item>
    <type_item></type_item>
    <poids_item>1</poids_item>
    <empreinte_item>1</empreinte_item>
    <num_item>3</num_item>
   </item>

   <item>
    <code>Lyc2.4</code>
    <description_item>
<text>2.4) Je valide, à partir de critères définis, les résultats qu'un traitement automatique me fournit (calcul, représentation graphique, correcteur...).</text>
</description_item>
    <type_item></type_item>
    <poids_item>1</poids_item>
    <empreinte_item>1</empreinte_item>
    <num_item>4</num_item>
   </item>

   <item>
    <code>Lyc2.5</code>
    <description_item>
<text>2.5) Je suis capable de me référer en cas de besoin à la réglementation en vigueur sur les usages numériques.</text>
</description_item>
    <type_item></type_item>
    <poids_item>1</poids_item>
    <empreinte_item>1</empreinte_item>
    <num_item>5</num_item>
   </item>

   <item>
    <code>Lyc2.6</code>
    <description_item>
<text>2.6) Je sais que l'on peut connaître mes opérations et accéder à mes données lors de l'utilisation d'un environnement informatique.</text>
</description_item>
    <type_item></type_item>
    <poids_item>1</poids_item>
    <empreinte_item>1</empreinte_item>
    <num_item>6</num_item>
   </item>

   <item>
    <code>Lyc2.7</code>
    <description_item>
<text>2.7) Je mets mes compétences informatiques à la disposition des autres.</text>
</description_item>
    <type_item></type_item>
    <poids_item>1</poids_item>
    <empreinte_item>1</empreinte_item>
    <num_item>7</num_item>
   </item>

  </competence>

  <competence>
   <code_competence>Lyc3</code_competence>
   <description_competence>
<text>Créer, produire, traiter, exploiter des données</text>
</description_competence>
   <num_competence>3</num_competence>
   <nb_item_competences>8</nb_item_competences>

   <item>
    <code>Lyc3.1</code>
    <description_item>
<text>3.1) Je sais créer et modifier un document numérique composite transportable et publiable.</text>
</description_item>
    <type_item></type_item>
    <poids_item>1</poids_item>
    <empreinte_item>1</empreinte_item>
    <num_item>1</num_item>
   </item>

   <item>
    <code>Lyc3.2</code>
    <description_item>
<text>3.2) Je sais insérer automatiquement des informations dans un document (notes de bas de page, sommaire...).</text>
</description_item>
    <type_item></type_item>
    <poids_item>1</poids_item>
    <empreinte_item>1</empreinte_item>
    <num_item>2</num_item>
   </item>

   <item>
    <code>Lyc3.3</code>
    <description_item>
<text>3.3) Je sais utiliser des outils permettant de travailler à plusieurs sur un même document (outil de suivi de modifications...).</text>
</description_item>
    <type_item></type_item>
    <poids_item>1</poids_item>
    <empreinte_item>1</empreinte_item>
    <num_item>3</num_item>
   </item>

   <item>
    <code>Lyc3.4</code>
    <description_item>
<text>3.4) Je sais utiliser ou créer des formules pour traiter les données.</text>
</description_item>
    <type_item></type_item>
    <poids_item>1</poids_item>
    <empreinte_item>1</empreinte_item>
    <num_item>4</num_item>
   </item>

   <item>
    <code>Lyc3.5</code>
    <description_item>
<text>3.5) Je sais produire une représentation graphique à partir d'un traitement de données numériques.</text>
</description_item>
    <type_item></type_item>
    <poids_item>1</poids_item>
    <empreinte_item>1</empreinte_item>
    <num_item>5</num_item>
   </item>

   <item>
    <code>Lyc3.6</code>
    <description_item>
<text>3.6) Dans le cadre de mes activités sLycaires, je sais repérer des exemples de modélisation ou simulation et je sais citer au moins un paramètre qui influence le résultat.</text>
</description_item>
    <type_item></type_item>
    <poids_item>1</poids_item>
    <empreinte_item>1</empreinte_item>
    <num_item>6</num_item>
   </item>

   <item>
    <code>Lyc3.7</code>
    <description_item>
<text>3.7) Je sais publier un document numérique sur un espace approprié.</text>
</description_item>
    <type_item></type_item>
    <poids_item>1</poids_item>
    <empreinte_item>1</empreinte_item>
    <num_item>7</num_item>
   </item>

   <item>
    <code>Lyc3.8</code>
    <description_item>
<text>3. O 1) Je sais utiliser un modèle de document.</text>
</description_item>
    <type_item></type_item>
    <poids_item>1</poids_item>
    <empreinte_item>1</empreinte_item>
    <num_item>8</num_item>
   </item>

  </competence>

  <competence>
   <code_competence>Lyc4</code_competence>
   <description_competence>
<text>S'informer, se documenter</text>
</description_competence>
   <num_competence>4</num_competence>
   <nb_item_competences>5</nb_item_competences>

   <item>
    <code>Lyc4.1</code>
    <description_item>
<text>4.1) Je sais interroger les bases documentaires à ma disposition.</text>
</description_item>
    <type_item></type_item>
    <poids_item>1</poids_item>
    <empreinte_item>1</empreinte_item>
    <num_item>1</num_item>
   </item>

   <item>
    <code>Lyc4.2</code>
    <description_item>
<text>4.2) Je sais utiliser les fonctions avancées des outils de recherche sur internet.</text>
</description_item>
    <type_item></type_item>
    <poids_item>1</poids_item>
    <empreinte_item>1</empreinte_item>
    <num_item>2</num_item>
   </item>

   <item>
    <code>Lyc4.3</code>
    <description_item>
<text>4.3) Je sais énoncer des critères de tri d'informations.</text>
</description_item>
    <type_item></type_item>
    <poids_item>1</poids_item>
    <empreinte_item>1</empreinte_item>
    <num_item>3</num_item>
   </item>

   <item>
    <code>Lyc4.4</code>
    <description_item>
<text>4.4) Je sais constituer une bibliographie incluant des documents d'origine numérique.</text>
</description_item>
    <type_item></type_item>
    <poids_item>1</poids_item>
    <empreinte_item>1</empreinte_item>
    <num_item>4</num_item>
   </item>

   <item>
    <code>Lyc4.5</code>
    <description_item>
<text>4. O 1) Je sais utiliser des outils de veille documentaire.</text>
</description_item>
    <type_item></type_item>
    <poids_item>1</poids_item>
    <empreinte_item>1</empreinte_item>
    <num_item>5</num_item>
   </item>

  </competence>

  <competence>
   <code_competence>Lyc5</code_competence>
   <description_competence>
<text>Communiquer, échanger</text>
</description_competence>
   <num_competence>5</num_competence>
   <nb_item_competences>5</nb_item_competences>

   <item>
    <code>Lyc5.1</code>
    <description_item>
<text>5.1) Je sais choisir le service de communication selon mes besoins.</text>
</description_item>
    <type_item></type_item>
    <poids_item>1</poids_item>
    <empreinte_item>1</empreinte_item>
    <num_item>1</num_item>
   </item>

   <item>
    <code>Lyc5.2</code>
    <description_item>
<text>5.2) Je sais organiser mes espaces d'échange (messagerie, travail de groupe...)</text>
</description_item>
    <type_item></type_item>
    <poids_item>1</poids_item>
    <empreinte_item>1</empreinte_item>
    <num_item>2</num_item>
   </item>

   <item>
    <code>Lyc5.3</code>
    <description_item>
<text>5.3) Je sais adapter le contenu des informations transmises aux lecteurs potentiels : niveau de langage, forme, contenu, taille, copies.</text>
</description_item>
    <type_item></type_item>
    <poids_item>1</poids_item>
    <empreinte_item>1</empreinte_item>
    <num_item>3</num_item>
   </item>

   <item>
    <code>Lyc5.4</code>
    <description_item>
<text>5. O 1) Je sais paramétrer un logiciel de messagerie pour récupérer mon courrier électronique.</text>
</description_item>
    <type_item></type_item>
    <poids_item>1</poids_item>
    <empreinte_item>1</empreinte_item>
    <num_item>4</num_item>
   </item>

   <item>
    <code>Lyc5.5</code>
    <description_item>
<text>5. O 2) Je sais gérer des groupes de destinataires.</text>
</description_item>
    <type_item></type_item>
    <poids_item>1</poids_item>
    <empreinte_item>1</empreinte_item>
    <num_item>5</num_item>
   </item>

  </competence>

 </domaine>


</referentiel>

